timeWindowStart,viewers,readers
2023-11-25T19:00:00,13,2
2024-05-21T20:00:00,82,49
2024-06-06T20:00:00,57,29
2024-12-02T19:00:00,55,27
2024-12-24T19:00:00,52,25
2023-10-18T20:00:00,24,17
2024-03-14T20:00:00,89,47
2024-03-27T20:00:00,91,54
2024-04-29T20:00:00,45,28
2024-09-04T20:00:00,96,50
2024-05-16T20:00:00,70,35
2024-11-01T20:00:00,9,6
2023-03-11T19:00:00,3,1
2023-05-05T20:00:00,5,3
2023-11-12T19:00:00,61,42
2024-05-01T20:00:00,43,29
2024-05-02T20:00:00,16,6
2024-01-23T19:00:00,52,25
2024-01-07T19:00:00,5,2
2024-02-02T19:00:00,9,2
2024-06-13T20:00:00,79,45
2023-06-02T20:00:00,6,4
2023-07-24T20:00:00,38,22
2024-02-07T19:00:00,62,36
2024-02-24T19:00:00,9,5
2024-03-05T19:00:00,84,47
2024-11-25T19:00:00,50,26
2023-01-12T19:00:00,26,15
2023-05-26T20:00:00,4,1
2023-06-21T20:00:00,25,18
2024-01-02T19:00:00,7,3
2024-02-25T19:00:00,33,20
2023-07-09T20:00:00,30,16
2023-09-07T20:00:00,24,15
2024-06-19T20:00:00,71,40
2023-01-27T19:00:00,3,0
2023-02-14T19:00:00,21,6
2023-04-05T20:00:00,19,7
2023-04-23T20:00:00,25,15
2023-05-27T20:00:00,2,1
2024-09-21T20:00:00,5,3
2024-03-20T20:00:00,78,45
2024-07-25T20:00:00,56,23
2024-09-17T20:00:00,91,49
2024-12-28T19:00:00,6,1
2023-01-02T19:00:00,4,1
2023-04-02T20:00:00,28,18
2024-03-13T20:00:00,87,44
2024-08-01T20:00:00,73,38
2024-09-11T20:00:00,96,61
2023-12-18T19:00:00,38,16
2024-04-05T20:00:00,16,8
2024-06-11T20:00:00,83,47
2024-11-21T19:00:00,48,21
2024-12-12T19:00:00,48,28
2023-11-03T20:00:00,8,5
2024-04-15T20:00:00,106,67
2024-04-17T20:00:00,95,53
2024-03-23T20:00:00,11,7
2024-10-05T20:00:00,13,6
2024-10-25T20:00:00,9,4
2024-11-22T19:00:00,2,1
2023-03-09T19:00:00,26,14
2023-06-03T20:00:00,1,0
2023-06-28T20:00:00,35,14
2024-03-10T20:00:00,58,27
2024-07-24T20:00:00,85,42
2023-12-04T19:00:00,44,24
2024-02-03T19:00:00,14,9
2024-04-08T20:00:00,73,37
2023-04-20T20:00:00,32,27
2023-05-28T20:00:00,26,12
2023-08-15T20:00:00,33,18
2023-09-15T20:00:00,4,3
2023-11-10T19:00:00,7,2
2024-06-04T20:00:00,104,59
2024-07-03T20:00:00,101,51
2024-11-13T19:00:00,85,47
2024-03-11T20:00:00,108,63
2024-03-16T20:00:00,15,7
2024-05-17T20:00:00,11,6
2024-07-30T20:00:00,77,39
2024-12-03T19:00:00,59,34
2023-01-07T19:00:00,7,2
2023-04-11T20:00:00,19,11
2024-04-04T20:00:00,86,44
2024-12-31T19:00:00,5,2
2024-11-07T19:00:00,55,26
2023-04-12T20:00:00,33,21
2023-07-05T20:00:00,48,20
2024-02-27T19:00:00,72,39
2024-09-25T20:00:00,72,42
2024-09-30T20:00:00,85,47
2024-05-12T20:00:00,77,44
2024-08-29T20:00:00,87,45
2023-02-25T19:00:00,7,4
2023-03-13T20:00:00,29,18
2024-02-01T19:00:00,51,22
2024-04-18T20:00:00,62,35
2024-06-24T20:00:00,99,54
2023-06-17T20:00:00,4,2
2023-11-28T19:00:00,48,25
2024-10-31T20:00:00,79,39
2023-03-12T20:00:00,15,7
2023-11-19T19:00:00,30,13
2024-01-19T19:00:00,14,6
2024-09-23T20:00:00,79,42
2023-05-14T20:00:00,24,11
2023-06-16T20:00:00,1,1
2023-06-23T20:00:00,4,3
2024-03-15T20:00:00,16,8
2023-03-24T20:00:00,1,1
2024-06-23T20:00:00,73,34
2024-08-04T20:00:00,79,37
2024-12-06T19:00:00,16,8
2023-12-21T19:00:00,40,25
2024-05-03T20:00:00,6,3
2024-07-07T20:00:00,84,43
2023-02-06T19:00:00,24,13
2023-08-23T20:00:00,34,17
2023-09-10T20:00:00,28,17
2023-11-11T19:00:00,21,8
2023-12-13T19:00:00,52,32
2024-10-03T20:00:00,69,36
2024-10-29T20:00:00,85,49
2024-12-22T19:00:00,47,21
2024-05-20T20:00:00,87,57
2024-09-22T20:00:00,17,8
2024-10-21T20:00:00,89,48
2023-03-07T19:00:00,25,14
2023-08-14T20:00:00,21,11
2023-09-21T20:00:00,29,15
2023-11-16T19:00:00,41,29
2023-12-01T19:00:00,9,2
2024-11-06T19:00:00,73,38
2024-11-15T19:00:00,3,1
2023-10-07T20:00:00,7,3
2023-10-14T20:00:00,5,2
2024-06-05T20:00:00,84,38
2023-02-09T19:00:00,28,18
2023-03-23T20:00:00,14,8
2023-08-22T20:00:00,18,9
2023-09-29T20:00:00,8,5
2023-10-04T20:00:00,31,10
2024-10-01T20:00:00,58,40
2024-10-22T20:00:00,87,53
2023-01-30T19:00:00,13,4
2023-07-15T20:00:00,3,1
2024-03-24T20:00:00,80,38
2024-04-23T20:00:00,92,49
2024-10-08T20:00:00,80,35
2024-03-17T20:00:00,95,53
2024-06-28T20:00:00,10,5
2024-07-27T20:00:00,13,5
2023-04-25T20:00:00,14,9
2023-09-13T20:00:00,21,11
2023-11-08T19:00:00,61,30
2024-01-11T19:00:00,46,22
2024-02-12T19:00:00,52,30
2024-07-13T20:00:00,12,5
2024-08-07T20:00:00,59,30
2024-09-01T20:00:00,90,53
2023-02-26T19:00:00,16,8
2023-06-05T20:00:00,28,16
2023-07-21T20:00:00,6,3
2024-03-01T19:00:00,13,9
2024-03-06T19:00:00,70,30
2024-12-04T19:00:00,57,35
2024-12-09T19:00:00,55,26
2024-08-22T20:00:00,74,41
2024-11-11T19:00:00,73,36
2023-02-05T19:00:00,20,12
2023-06-01T20:00:00,19,10
2023-06-04T20:00:00,22,7
2024-03-30T20:00:00,11,4
2024-08-18T20:00:00,72,42
2024-10-26T20:00:00,36,16
2023-03-15T20:00:00,15,10
2023-08-27T20:00:00,14,4
2023-12-15T19:00:00,7,4
2024-05-18T20:00:00,19,10
2024-08-02T20:00:00,14,9
2024-01-28T19:00:00,45,33
2024-05-09T20:00:00,52,34
2024-06-15T20:00:00,16,7
2024-09-03T20:00:00,93,54
2024-10-18T20:00:00,22,11
2023-06-25T20:00:00,23,8
2023-07-12T20:00:00,41,23
2023-08-16T20:00:00,22,12
2024-09-19T20:00:00,81,51
2023-09-25T20:00:00,38,24
2024-01-10T19:00:00,70,43
2024-06-25T20:00:00,89,49
2024-08-30T20:00:00,16,7
2023-03-31T20:00:00,6,5
2023-04-29T20:00:00,3,2
2023-08-28T20:00:00,28,11
2023-12-12T19:00:00,52,33
2024-06-20T20:00:00,68,34
2023-07-30T20:00:00,27,17
2024-05-29T20:00:00,67,38
2024-07-06T20:00:00,17,7
2024-11-03T19:00:00,22,8
2024-05-07T20:00:00,113,54
2024-11-20T19:00:00,67,35
2024-12-16T19:00:00,38,17
2023-03-19T20:00:00,12,8
2023-05-09T20:00:00,26,16
2023-10-17T20:00:00,23,14
2023-12-20T19:00:00,46,27
2024-01-16T19:00:00,50,31
2024-04-28T20:00:00,8,5
2024-08-05T20:00:00,59,41
2024-12-29T19:00:00,10,7
2023-02-16T19:00:00,24,15
2023-04-18T20:00:00,15,5
2023-06-18T20:00:00,15,14
2023-10-26T20:00:00,24,15
2023-12-28T19:00:00,14,8
2023-01-20T19:00:00,5,1
2023-07-23T20:00:00,19,9
2023-08-07T20:00:00,36,21
2024-03-19T20:00:00,21,10
2024-10-16T20:00:00,109,66
2023-10-20T20:00:00,5,2
2024-03-18T20:00:00,72,41
2024-03-22T20:00:00,7,4
2023-02-04T19:00:00,9,3
2023-02-24T19:00:00,5,2
2023-04-09T20:00:00,16,11
2023-04-22T20:00:00,2,0
2023-04-24T20:00:00,27,13
2024-04-03T20:00:00,76,40
2024-07-12T20:00:00,11,7
2023-05-25T20:00:00,29,15
2023-08-06T20:00:00,17,7
2023-08-12T20:00:00,1,1
2024-12-17T19:00:00,37,14
2023-09-01T20:00:00,3,1
2024-10-04T20:00:00,13,8
2023-12-07T19:00:00,48,27
2023-12-09T19:00:00,12,7
2024-07-10T20:00:00,62,35
2024-10-27T20:00:00,101,58
2023-12-24T19:00:00,68,37
2024-02-18T19:00:00,56,36
2024-04-26T20:00:00,11,6
2024-06-07T20:00:00,6,2
2023-07-02T20:00:00,23,10
2024-03-07T19:00:00,73,45
2024-02-04T19:00:00,54,32
2024-05-22T20:00:00,84,50
2024-10-06T20:00:00,78,47
2023-04-06T20:00:00,19,9
2023-07-17T20:00:00,23,11
2023-07-26T20:00:00,32,14
2023-12-10T19:00:00,47,23
2024-01-27T19:00:00,6,3
2024-11-05T19:00:00,90,54
2024-11-19T19:00:00,82,54
2023-09-04T20:00:00,22,13
2024-06-08T20:00:00,22,10
2024-01-04T19:00:00,37,23
2024-02-16T19:00:00,12,12
2024-09-13T20:00:00,11,4
2023-01-18T19:00:00,27,10
2023-02-28T19:00:00,21,10
2023-09-11T20:00:00,20,15
2023-09-20T20:00:00,29,17
2023-09-22T20:00:00,6,4
2025-01-02T19:00:00,12,8
2024-10-28T20:00:00,89,48
2024-12-19T19:00:00,31,15
2023-01-03T19:00:00,13,8
2023-02-13T19:00:00,24,12
2023-03-03T19:00:00,5,4
2023-04-28T20:00:00,1,0
2024-08-13T20:00:00,47,27
2023-05-03T20:00:00,10,10
2024-07-31T20:00:00,78,35
2023-02-15T19:00:00,26,13
2023-09-05T20:00:00,23,11
2023-06-30T20:00:00,5,2
2024-03-03T19:00:00,53,32
2024-10-30T20:00:00,56,34
2023-02-08T19:00:00,37,13
2023-05-19T20:00:00,5,3
2023-07-07T20:00:00,4,1
2023-10-19T20:00:00,19,7
2023-11-30T19:00:00,68,39
2024-01-15T19:00:00,47,25
2024-04-25T20:00:00,89,46
2024-05-13T20:00:00,113,57
2023-01-28T19:00:00,4,2
2023-02-02T19:00:00,16,9
2023-02-07T19:00:00,25,10
2023-08-21T20:00:00,38,21
2023-12-08T19:00:00,8,6
2024-10-17T20:00:00,63,34
2024-12-20T19:00:00,7,3
2023-02-19T19:00:00,23,11
2023-07-18T20:00:00,26,11
2023-08-19T20:00:00,6,2
2023-08-26T20:00:00,5,1
2024-06-29T20:00:00,11,5
2024-07-14T20:00:00,18,10
2024-10-02T20:00:00,56,31
2023-01-11T19:00:00,39,19
2023-03-20T20:00:00,4,1
2023-07-01T20:00:00,5,1
2023-10-02T20:00:00,19,9
2024-03-25T20:00:00,66,35
2024-10-20T20:00:00,69,33
2024-09-05T20:00:00,61,32
2023-02-23T19:00:00,19,9
2024-01-01T19:00:00,1,0
2024-07-26T20:00:00,12,5
2024-08-03T20:00:00,21,14
2024-08-31T20:00:00,15,5
2023-10-01T20:00:00,25,11
2023-10-28T20:00:00,8,3
2024-09-27T20:00:00,13,7
2024-12-21T19:00:00,9,6
2023-06-22T20:00:00,23,14
2023-07-22T20:00:00,5,2
2023-10-05T20:00:00,25,12
2023-12-06T19:00:00,44,27
2024-05-27T20:00:00,91,51
2024-12-15T19:00:00,45,26
2023-04-10T20:00:00,25,12
2023-04-13T20:00:00,29,22
2023-10-24T20:00:00,22,11
2023-10-30T20:00:00,42,20
2024-02-19T19:00:00,56,35
2024-05-10T20:00:00,17,13
2024-05-25T20:00:00,5,2
2024-06-03T20:00:00,76,32
2023-03-16T20:00:00,19,13
2023-04-14T20:00:00,2,1
2023-07-25T20:00:00,28,17
2023-08-24T20:00:00,30,21
2023-10-31T20:00:00,20,13
2024-08-11T20:00:00,14,7
2024-09-18T20:00:00,87,46
2024-04-06T20:00:00,26,17
2024-06-27T20:00:00,60,35
2025-01-03T19:00:00,9,4
2023-02-20T19:00:00,20,8
2023-04-26T20:00:00,27,13
2023-10-06T20:00:00,9,8
2024-02-05T19:00:00,69,41
2024-02-13T19:00:00,42,21
2024-02-06T19:00:00,57,32
2024-02-15T19:00:00,43,21
2024-06-26T20:00:00,73,39
2023-01-17T19:00:00,23,11
2023-03-04T19:00:00,10,4
2023-05-10T20:00:00,50,28
2023-06-12T20:00:00,31,12
2024-01-06T19:00:00,14,7
2024-09-16T20:00:00,80,40
2024-10-10T20:00:00,63,33
2023-03-22T20:00:00,21,8
2023-03-27T20:00:00,18,6
2023-08-10T20:00:00,6,3
2023-11-17T19:00:00,13,3
2024-07-19T20:00:00,14,6
2024-01-31T19:00:00,46,28
2024-07-29T20:00:00,99,54
2024-11-02T20:00:00,12,6
2023-03-05T19:00:00,25,18
2023-05-16T20:00:00,34,25
2023-08-01T20:00:00,27,19
2023-10-25T20:00:00,30,18
2023-11-27T19:00:00,46,30
2024-01-29T19:00:00,45,31
2024-04-12T20:00:00,17,9
2024-09-07T20:00:00,15,4
2023-07-27T20:00:00,34,19
2023-09-23T20:00:00,5,2
2023-09-28T20:00:00,29,18
2023-12-26T19:00:00,43,29
2024-01-22T19:00:00,42,21
2024-12-08T19:00:00,54,28
2023-11-04T20:00:00,15,8
2024-01-08T19:00:00,28,13
2024-02-08T19:00:00,58,46
2024-02-20T19:00:00,54,34
2024-03-08T19:00:00,20,15
2023-01-24T19:00:00,17,7
2023-05-07T20:00:00,25,12
2023-11-06T19:00:00,33,16
2024-08-27T20:00:00,84,44
2024-10-09T20:00:00,82,40
2024-07-16T20:00:00,98,46
2024-12-18T19:00:00,39,24
2023-01-13T19:00:00,4,3
2023-02-17T19:00:00,11,9
2023-08-18T20:00:00,3,1
2023-12-05T19:00:00,72,42
2024-07-15T20:00:00,92,41
2023-01-23T19:00:00,24,10
2023-03-29T20:00:00,17,9
2023-05-20T20:00:00,3,1
2025-01-04T19:00:00,32,15
2023-04-27T20:00:00,22,16
2023-09-18T20:00:00,25,20
2023-12-29T19:00:00,14,8
2024-04-11T20:00:00,92,42
2024-12-11T19:00:00,55,32
2024-05-24T20:00:00,10,3
2024-08-09T20:00:00,12,4
2024-12-26T19:00:00,36,26
2023-01-09T19:00:00,19,7
2023-02-21T19:00:00,32,20
2024-02-11T19:00:00,13,7
2024-02-29T19:00:00,63,39
2024-03-26T20:00:00,68,41
2024-11-30T19:00:00,13,5
2023-03-17T20:00:00,6,4
2023-03-26T20:00:00,26,14
2023-04-30T20:00:00,15,10
2023-06-29T20:00:00,41,21
2024-08-25T20:00:00,69,41
2023-06-07T20:00:00,30,14
2023-09-16T20:00:00,1,0
2024-09-12T20:00:00,79,28
2023-06-13T20:00:00,24,11
2024-06-01T20:00:00,16,8
2024-12-14T19:00:00,12,5
2024-08-10T20:00:00,6,3
2023-01-19T19:00:00,19,16
2023-09-14T20:00:00,16,5
2023-12-14T19:00:00,56,31
2023-12-23T19:00:00,6,5
2024-05-05T20:00:00,8,6
2024-07-02T20:00:00,98,56
2023-05-13T20:00:00,4,3
2024-08-14T20:00:00,40,24
2025-01-01T19:00:00,3,2
2023-03-08T19:00:00,30,14
2023-10-13T20:00:00,6,3
2024-04-13T20:00:00,10,3
2024-04-19T20:00:00,15,6
2024-11-10T19:00:00,70,37
2024-04-09T20:00:00,85,33
2024-05-28T20:00:00,66,30
2024-06-02T20:00:00,85,51
2023-06-10T20:00:00,8,6
2023-07-31T20:00:00,22,13
2023-12-17T19:00:00,57,40
2024-01-13T19:00:00,12,7
2024-01-26T19:00:00,6,4
2024-07-01T20:00:00,117,59
2024-09-28T20:00:00,18,12
2023-04-07T20:00:00,4,3
2023-09-30T20:00:00,12,5
2023-10-16T20:00:00,17,10
2024-09-26T20:00:00,78,37
2023-05-23T20:00:00,30,22
2023-10-29T20:00:00,37,25
2024-10-24T20:00:00,75,37
2023-04-04T20:00:00,19,8
2024-05-04T20:00:00,7,2
2024-05-30T20:00:00,75,39
2024-09-10T20:00:00,76,37
2023-03-10T19:00:00,5,4
2023-03-21T20:00:00,27,12
2023-04-19T20:00:00,22,12
2024-07-21T20:00:00,72,26
2024-08-15T20:00:00,40,20
2023-05-17T20:00:00,30,17
2023-07-03T20:00:00,32,17
2024-04-16T20:00:00,104,57
2024-07-17T20:00:00,99,43
2024-08-28T20:00:00,89,43
2024-05-26T20:00:00,73,35
2023-05-15T20:00:00,34,20
2023-07-06T20:00:00,39,22
2023-07-08T20:00:00,14,5
2023-11-29T19:00:00,38,16
2024-03-02T19:00:00,13,5
2024-07-05T20:00:00,11,3
2024-09-20T20:00:00,17,7
2024-10-12T20:00:00,16,5
2023-05-22T20:00:00,22,15
2023-06-24T20:00:00,4,4
2023-08-30T20:00:00,26,16
2023-09-24T20:00:00,10,7
2023-10-27T20:00:00,3,1
2023-01-31T19:00:00,45,15
2023-07-04T20:00:00,29,15
2023-07-11T20:00:00,40,24
2023-11-21T19:00:00,39,20
2024-02-09T19:00:00,11,3
2023-04-16T20:00:00,21,10
2023-10-15T20:00:00,18,10
2024-02-17T19:00:00,25,17
2024-12-25T19:00:00,40,18
2024-11-27T19:00:00,50,23
2023-05-31T20:00:00,21,9
2023-08-17T20:00:00,10,6
2023-11-05T19:00:00,26,16
2024-06-14T20:00:00,5,3
2024-08-24T20:00:00,13,5
2024-03-31T20:00:00,66,36
2024-04-21T20:00:00,76,38
2024-08-19T20:00:00,71,37
2024-09-08T20:00:00,86,42
2024-09-06T20:00:00,20,11
2024-11-09T19:00:00,11,5
2023-01-21T19:00:00,5,1
2023-03-01T19:00:00,35,24
2023-10-09T20:00:00,16,11
2023-12-11T19:00:00,53,29
2024-03-29T20:00:00,10,4
2023-12-31T19:00:00,8,5
2024-07-23T20:00:00,66,39
2024-09-15T20:00:00,19,9
2023-01-29T19:00:00,17,9
2023-06-06T20:00:00,47,25
2023-07-16T20:00:00,4,1
2023-11-15T19:00:00,59,36
2023-12-02T19:00:00,4,2
2024-12-23T19:00:00,41,28
2024-09-02T20:00:00,79,48
2024-09-24T20:00:00,103,49
2024-10-15T20:00:00,79,38
2023-01-10T19:00:00,30,14
2023-03-28T20:00:00,17,8
2023-09-27T20:00:00,24,14
2023-11-24T19:00:00,6,4
2024-02-21T19:00:00,49,28
2024-05-14T20:00:00,132,73
2024-07-11T20:00:00,71,43
2024-10-13T20:00:00,25,11
2024-01-14T19:00:00,70,32
2024-06-21T20:00:00,14,8
2024-09-09T20:00:00,82,42
2023-01-05T19:00:00,25,15
2023-02-01T19:00:00,28,14
2023-02-12T19:00:00,23,13
2023-07-28T20:00:00,4,2
2023-11-02T20:00:00,14,12
2024-08-20T20:00:00,98,53
2024-10-07T20:00:00,96,53
2024-11-16T19:00:00,20,11
2023-03-18T20:00:00,2,2
2023-04-15T20:00:00,3,2
2023-08-11T20:00:00,3,1
2024-06-12T20:00:00,77,34
2024-08-16T20:00:00,17,7
2024-12-10T19:00:00,40,22
2024-09-29T20:00:00,96,44
2023-05-11T20:00:00,33,15
2023-06-14T20:00:00,23,6
2023-06-19T20:00:00,26,10
2023-07-20T20:00:00,25,19
2023-12-27T19:00:00,27,15
2024-02-10T19:00:00,11,5
2024-08-17T20:00:00,19,10
2024-08-21T20:00:00,89,47
2022-12-31T19:00:00,4,0
2023-01-26T19:00:00,21,11
2023-02-03T19:00:00,5,2
2023-04-21T20:00:00,6,3
2023-08-13T20:00:00,13,6
2023-08-04T20:00:00,2,1
2023-10-22T20:00:00,25,13
2024-02-23T19:00:00,11,5
2024-06-18T20:00:00,85,42
2024-01-18T19:00:00,55,32
2024-04-27T20:00:00,9,3
2024-07-04T20:00:00,87,47
2023-02-11T19:00:00,4,2
2023-06-15T20:00:00,15,9
2023-10-03T20:00:00,24,12
2023-12-03T19:00:00,48,29
2024-01-05T19:00:00,17,12
2024-11-04T19:00:00,82,41
2024-11-26T19:00:00,65,43
2024-11-28T19:00:00,56,31
2024-04-22T20:00:00,104,52
2024-11-17T19:00:00,60,27
2023-05-24T20:00:00,28,14
2023-07-10T20:00:00,34,19
2023-07-13T20:00:00,31,18
2023-09-03T20:00:00,15,6
2024-01-24T19:00:00,59,33
2023-05-02T20:00:00,2,1
2024-11-23T19:00:00,10,4
2023-02-18T19:00:00,9,6
2023-08-05T20:00:00,3,0
2023-09-19T20:00:00,25,18
2023-10-12T20:00:00,16,11
2023-12-22T19:00:00,4,2
2023-10-21T20:00:00,10,6
2023-02-27T19:00:00,27,18
2023-07-29T20:00:00,11,7
2023-08-31T20:00:00,23,11
2024-03-28T20:00:00,86,40
2024-08-12T20:00:00,41,22
2023-01-06T19:00:00,3,3
2023-03-02T19:00:00,25,8
2024-05-19T20:00:00,93,43
2024-07-09T20:00:00,106,65
2024-07-18T20:00:00,96,53
2023-03-06T19:00:00,34,21
2024-01-25T19:00:00,55,22
2024-03-21T20:00:00,78,43
2024-06-16T20:00:00,78,47
2024-11-08T19:00:00,18,13
2023-01-08T19:00:00,11,4
2023-08-20T20:00:00,20,11
2023-11-09T19:00:00,45,25
2024-01-12T19:00:00,9,7
2024-10-23T20:00:00,87,52
2024-03-04T19:00:00,80,45
2024-04-02T20:00:00,103,54
2024-07-20T20:00:00,6,3
2023-05-08T20:00:00,31,17
2023-06-09T20:00:00,3,1
2023-11-23T19:00:00,30,16
2024-02-22T19:00:00,22,11
2024-02-28T19:00:00,61,35
2024-08-08T20:00:00,56,24
2023-05-04T20:00:00,6,5
2023-06-11T20:00:00,17,11
2023-12-19T19:00:00,69,40
2024-07-22T20:00:00,93,59
2023-01-16T19:00:00,17,10
2023-01-25T19:00:00,20,15
2023-11-18T19:00:00,13,4
2023-12-30T19:00:00,9,3
2024-09-14T20:00:00,5,3
2024-10-14T20:00:00,82,51
2024-12-27T19:00:00,6,2
2023-08-09T20:00:00,24,12
2023-10-11T20:00:00,21,10
2023-11-20T19:00:00,48,29
2024-04-01T20:00:00,84,50
2024-08-06T20:00:00,88,45
2023-11-26T19:00:00,49,26
2024-01-20T19:00:00,9,5
2024-04-07T20:00:00,84,49
2023-04-03T20:00:00,28,13
2023-05-06T20:00:00,3,2
2023-09-06T20:00:00,17,8
2023-11-07T19:00:00,39,25
2023-11-13T19:00:00,48,29
2024-05-06T20:00:00,85,48
2024-06-22T20:00:00,15,7
2024-12-30T19:00:00,7,3
2024-06-17T20:00:00,86,52
2024-12-07T19:00:00,12,3
2023-01-04T19:00:00,25,15
2023-01-22T19:00:00,23,12
2024-04-30T20:00:00,46,23
2024-05-31T20:00:00,17,10
2024-06-09T20:00:00,59,26
2023-08-02T20:00:00,25,14
2023-09-26T20:00:00,11,7
2024-01-03T19:00:00,34,18
2024-04-24T20:00:00,116,71
2024-05-23T20:00:00,89,47
2023-03-25T20:00:00,3,1
2023-08-08T20:00:00,39,22
2024-03-09T19:00:00,20,9
2024-04-10T20:00:00,57,33
2024-04-20T20:00:00,6,2
2024-11-14T19:00:00,65,32
2024-11-18T19:00:00,65,24
2023-04-01T20:00:00,1,0
2023-06-08T20:00:00,30,12
2023-06-26T20:00:00,28,11
2023-09-08T20:00:00,2,1
2024-04-14T20:00:00,87,50
2023-01-14T19:00:00,6,3
2023-05-29T20:00:00,33,20
2024-01-09T19:00:00,63,29
2024-02-14T19:00:00,60,30
2024-06-30T20:00:00,83,53
2024-10-11T20:00:00,5,2
2024-10-19T20:00:00,30,11
2023-04-17T20:00:00,20,8
2023-07-19T20:00:00,19,13
2023-09-09T20:00:00,6,1
2023-10-23T20:00:00,25,14
2023-11-01T20:00:00,42,31
2023-06-27T20:00:00,24,12
2023-12-25T19:00:00,39,16
2024-05-15T20:00:00,81,41
2024-12-01T19:00:00,64,44
2024-12-05T19:00:00,52,30
2024-01-21T19:00:00,51,33
2024-03-12T20:00:00,88,48
2024-08-26T20:00:00,91,51
2023-02-22T19:00:00,8,5
2023-03-30T20:00:00,15,9
2023-08-03T20:00:00,40,23
2023-09-12T20:00:00,22,8
2023-11-22T19:00:00,12,3
2024-11-12T19:00:00,100,55
2024-11-24T19:00:00,66,39
2024-11-29T19:00:00,5,4
2024-12-13T19:00:00,9,4
2023-05-01T20:00:00,15,10
2023-05-21T20:00:00,23,15
2023-10-08T20:00:00,4,2
2024-05-11T20:00:00,33,21
2024-06-10T20:00:00,72,40
2023-06-20T20:00:00,28,12
2023-09-17T20:00:00,4,1
2024-01-17T19:00:00,48,25
2024-07-28T20:00:00,65,35
2023-04-08T20:00:00,9,4
2023-05-18T20:00:00,28,24
2023-08-29T20:00:00,43,15
2023-12-16T19:00:00,9,4
2024-07-08T20:00:00,83,44
2023-05-30T20:00:00,22,12
2023-08-25T20:00:00,3,1
2023-10-10T20:00:00,24,15
2024-01-30T19:00:00,42,24
2024-02-26T19:00:00,57,34
2024-05-08T20:00:00,82,50
2024-08-23T20:00:00,6,5
2023-01-15T19:00:00,28,12
2023-02-10T19:00:00,8,5
2023-03-14T20:00:00,19,12
2023-09-02T20:00:00,2,1
2023-11-14T19:00:00,49,25
